Sl No  ,Password ,Strength (%)
1,fah8ADbK6maKgNvI,48.41
2,l90Pw//jmOAH+j3C,94.12
3,0p3HOaCpJwhjP/QR,92.51
4,8+1ZgJAGhdMHKpu0,93.24
5,NN3RKGp7fE72/YiK,91.05
6,3kUFC4+YEuobI8ax,93.26
7,AlilHB+eCllHADKb,47.19
8,gxQh0btNtvz8lyxr,48.09
9,FIjUx0zGNzQ96vZa,48.65
10,7kEbvMwhPuWqTe8K,48.75
11,ieAsbS8euAucBiu0,47.66
12,01+XgQqbUvzbaJ/U,94.04
13,GQZYll7YPgEkI20q,48.3
14,yjLzy7ds1QJLYEEW,48.06
15,2DFyYO28vc2ZvZ0f,48.07
16,Y86YCUFdxKeibqZH,48.59
17,GvXJYmL2+sE0UziS,92.95
18,uz+syGoM+iPTPbFT,48.22
19,9IqsH2BDCbYx8phx,48.65
20,UBmCxGYylV4nCyGi,47.83
21,bepK/8aeoxG9JxrJ,91.21
22,1h7zLVAVkHIpRwvz,48.42
23,3GordMH/F80REHNh,92.67
24,doKswj08w/rvNo+t,93.29
25,ud8U/Qk4NvJBLyBb,92.51
26,+s08VividwCrofGF,92.36
27,gUphXd5aRzIqabBh,47.99
28,TojcdAJePgUkcth5,48.17
29,c2oF7p7jHHNhCjv3,48.13
30,frVRx/b9NVmO3VZn,91.97
31,JrOGR9qGrNAKLpEp,47.79
32,m6YBDWdHvysvsDAe,47.83
33,WEG9dfKYGaB7UXk2,48.6
34,Mtz/hh6ocbW5GMCd,91.45
35,RSApO2r9+1RRXQD9,90.65
36,T0lAoIAogb2bN41G,48.29
37,+MFaPrQt2i1egUA6,93.26
38,0dQJuO5Q3ZBylojw,48.65
39,1ZcFZ6+mKjIwBbvi,92.51
40,CrYpjVNJxE0szf/a,90.95
41,8EifGy2OBzD/TJlM,92.95
42,M7OWqiEn/mCOawdN,90.5
43,KbZHmEJk4zuHN4oi,48.42
44,rXuQOAvr93CjYjWF,48.41
45,VVGSTdIB7Nf8mWfP,48.2
46,kBnM+fPCYul9+RSg,92.51
47,CBUmmQlvrHJw9WNe,48.05
48,2mJViN8Ln2sG26tS,48.5
49,63lI456ycE/63ccW,89.83
50,0LcJE5ETErXxgGos,48.41
51,U8MJJ0oqh/8OnOg/,92.49
52,83FO4X4uAH2V3Ia0,48.38
53,WjbDxoM5zPLntRiO,48.35
54,14u67tI40B+v5j3M,92.86
55,yf0z3M5cAagn0B/N,92.83
56,PmSLR0aq/QQHV89N,92.01
57,K77aYpuVSo5hEDQQ,47.99
58,WGOURZtIxDmJBJas,36.01
59,EwiW5wG0ffiMFqSm,48.06
60,wIXNhHfna6DqslqT,48.19
61,9m8wE7mGB1BX8AJi,48.28
62,6f95wu4a3EnynPM9,48.46
63,26CbuRmsFNSUGwjK,48.75
64,CdBi8mHd+K9Hps8e,91.6
65,4irri6D+ZK0xtq0D,90.51
66,RtG/eRXO2tnbjJq9,91.97
67,TAwTBiwPfIckYgif,35.66
68,AWmZGVApQnSPHEUh,35.98
69,8z1htYHcnmLJV75K,48.83
70,7QSRz99nnggO4dkm,47.37
71,jDZUKUHOMTbLQKIU,35.54
72,9AyWJk/McsxwoVU6,92.99
73,348IAKcuPnTSedSp,48.65
74,xc2nvtEpIAi0PGcb,48.57
75,/o3y7TPxId8iI+xc,94.27
76,2Kgo81M2oV9tNu7p,48.5
77,tH8L1HyYDNDGVz9n,48.42
78,IykU+XJIPJ8qN6lz,91.92
79,gTP7eGprqSvL2fAu,48.75
80,V7QhyoPQhJKbkNgp,48.02
81,PQGkt6BcYGete7lC,48.22
82,ji7gNaRrQCtbCmcx,48.17
83,t9My1xWkDPbirDzA,48.59
84,/uEc3dT+0oiLmVGA,95.13
85,lIVxyKloW/SlWR/x,47.72
86,twrFmM0YI1j9P6ML,48.66
87,6wxhMnxOlx9S8YpR,48.45
88,JosOEW5XXzpZ6W03,48.3
89,JsuLit9yncEU8pCd,48.73
90,sVhVh0aUSyvl1r0j,48.22
91,dZzr4faEkyF+ZSjB,90.49
92,VM3srYQsDn8m2nKp,48.47
93,L9gRXNWBmK9oOs/+,94.51
94,I8bfDtVEylzVxjap,48.17
95,kXHUL2aiy0wO2Lm+,92.24
96,fajfBNNpas0VnIBr,47.44
97,jQ15BSur7n6GPUW4,48.82
98,HTlQODowbhIKbXYN,36.02
99,GOe/Tppg6GuO3oSA,90.89
100,Tw/3jbnixd9QLTRh,92.46
